
[
{
"id": 1,
"marca": "Toyota",
"modelo": "Corolla",
"ano": 2023,
"preco": 142000,
"motor": "2.0 Flex",
"combustivel": "Gasolina/Etanol",
"cor": "Prata",
"transmissao": "Automática CVT",
"status": "Novo"
},
{
"id": 2,
"marca": "Honda",
"modelo": "Civic",
"ano": 2022,
"preco": 155000,
"motor": "2.0 Flex",
"combustivel": "Gasolina/Etanol",
"consumo_km_l": {
"cidade": 11.0,
"estrada": 14.0
},
"cor": "Preto",
"transmissao": "Automática CVT",
"status": "Usado"
},
{
"id": 3,
"marca": "Chevrolet",
"modelo": "Onix",
"ano": 2024,
"preco": 92000,
"motor": "1.0 Turbo",
"combustivel": "Gasolina/Etanol",
"consumo_km_l": {
"cidade": 12.5,
"estrada": 15.0
},
"cor": "Branco",
"transmissao": "Automática",
"status": "Novo"
},
{
"id": 4,
"marca": "Volkswagen",
"modelo": "Golf",
"ano": 2021,
"preco": 175000,
"motor": "1.4 TSI",
"combustivel": "Gasolina",
"consumo_km_l": {
"cidade": 11.8,
"estrada": 14.5
},
"cor": "Cinza",
"transmissao": "Automática DSG",
"status": "Usado"
},
{
"id": 5,
"marca": "Ford",
"modelo": "EcoSport",
"ano": 2020,
"preco": 87000,
"motor": "1.5 Flex",
"combustivel": "Gasolina/Etanol",
"consumo_km_l": {
"cidade": 9.5,
"estrada": 11.8
},
"cor": "Azul",
"transmissao": "Automática",
"status": "Usado"
},
{
"id": 6,
"marca": "Hyundai",
"modelo": "HB20",
"ano": 2023,
"preco": 89000,
"motor": "1.0 Turbo",
"combustivel": "Gasolina/Etanol",
"consumo_km_l": {
"cidade": 12.0,
"estrada": 15.5
},
"cor": "Vermelho",
"transmissao": "Automática",
"status": "Novo"
},
{
"id": 7,
"marca": "Renault",
"modelo": "Duster",
"ano": 2022,
"preco": 112000,
"motor": "1.6 Flex",
"combustivel": "Gasolina/Etanol",
"consumo_km_l": {
"cidade": 9.8,
"estrada": 12.3
},
"cor": "Branco",
"transmissao": "Automática CVT",
"status": "Usado"
},
{
"id": 8,
"marca": "Nissan",
"modelo": "Kicks",
"ano": 2023,
"preco": 124000,
"motor": "1.6 Flex",
"combustivel": "Gasolina/Etanol",
"consumo_km_l": {
"cidade": 11.5,
"estrada": 14.8
},
"cor": "Preto",
"transmissao": "Automática CVT",
"status": "Novo"
},
{
"id": 9,
"marca": "Jeep",
"modelo": "Compass",
"ano": 2024,
"preco": 195000,
"motor": "1.3 Turbo",
"combustivel": "Gasolina",
"consumo_km_l": {
"cidade": 9.2,
"estrada": 12.1
},
"cor": "Cinza",
"transmissao": "Automática",
"status": "Novo"
},
{
"id": 10,
"marca": "Fiat",
"modelo": "Pulse",
"ano": 2023,
"preco": 108000,
"motor": "1.0 Turbo",
"combustivel": "Gasolina/Etanol",
"consumo_km_l": {
"cidade": 11.8,
"estrada": 14.2
},
"cor": "Vermelho",
"transmissao": "Automática CVT",
"status": "Novo"
}
]

